{
  "appId": "io.ionic.starter",
  "appName": "alumno",
  "bundledWebRuntime": false,
  "npmClient": "npm",
  "webDir": "www",
  "plugins": {
    "SplashScreen": {
      "launchShowDuration": 0
    }
  },
  "cordova": {
    "preferences": {
      "ScrollEnabled": "false",
      "android-minSdkVersion": "19",
      "BackupWebStorage": "none",
      "SplashMaintainAspectRatio": "true",
      "FadeSplashScreenDuration": "300",
      "SplashShowOnlyFirstTime": "false",
      "SplashScreen": "screen",
      "SplashScreenDelay": "3000"
    }
  }
}